{"cameraMode":{"drawMode":0,"name":"Shaded","section":"Shading Mode"},"sceneLighting":false,"audioPlay":false,"sceneViewState":{"showFog":true,"showMaterialUpdate":false,"showSkybox":true,"showFlares":true,"showImageEffects":true,"showParticleSystems":true},"in2DMode":false,"pivot":{"x":2.807840347290039,"y":25.06904411315918,"z":-1.2604866027832032},"rotation":{"x":0.13872450590133668,"y":-0.06768882274627686,"z":0.009504977613687516,"w":0.9879693388938904},"size":33.37194061279297,"orthographic":false}