{"cameraMode":{"drawMode":0,"name":"Shaded","section":"Shading Mode"},"sceneLighting":false,"audioPlay":false,"sceneViewState":{"showFog":true,"showMaterialUpdate":false,"showSkybox":true,"showFlares":true,"showImageEffects":true,"showParticleSystems":true},"in2DMode":false,"pivot":{"x":0.0,"y":0.24999898672103883,"z":8.824596405029297},"rotation":{"x":0.13872450590133668,"y":-0.06768882274627686,"z":0.009504977613687516,"w":0.9879693388938904},"size":36.548126220703128,"orthographic":false}