{"cameraMode":{"drawMode":0,"name":"Shaded","section":"Shading Mode"},"sceneLighting":false,"audioPlay":false,"sceneViewState":{"showFog":true,"showMaterialUpdate":false,"showSkybox":true,"showFlares":true,"showImageEffects":true,"showParticleSystems":true},"in2DMode":false,"pivot":{"x":1.6217041015625,"y":7.1611328125,"z":-18.9296875},"rotation":{"x":0.00392314326018095,"y":-0.9882097840309143,"z":0.15087012946605683,"w":0.02577429637312889},"size":35.025489807128909,"orthographic":true}