{"cameraMode":{"drawMode":0,"name":"Shaded","section":"Shading Mode"},"sceneLighting":false,"audioPlay":false,"sceneViewState":{"showFog":true,"showMaterialUpdate":false,"showSkybox":true,"showFlares":true,"showImageEffects":true,"showParticleSystems":true},"in2DMode":false,"pivot":{"x":-15.0,"y":0.25000008940696719,"z":5.883065223693848},"rotation":{"x":0.13873860239982606,"y":-0.06620679050683975,"z":0.009296880103647709,"w":0.9880697727203369},"size":29.994478225708009,"orthographic":false}