{"cameraMode":{"drawMode":0,"name":"Shaded","section":"Shading Mode"},"sceneLighting":false,"audioPlay":false,"sceneViewState":{"showFog":true,"showMaterialUpdate":false,"showSkybox":true,"showFlares":true,"showImageEffects":true,"showParticleSystems":true},"in2DMode":false,"pivot":{"x":-5.457005977630615,"y":1.993448257446289,"z":31.51590347290039},"rotation":{"x":0.125491663813591,"y":0.05264805629849434,"z":-0.00666856812313199,"w":0.9906743168830872},"size":44.91923141479492,"orthographic":false}