{"cameraMode":{"drawMode":0,"name":"Shaded","section":"Shading Mode"},"sceneLighting":false,"audioPlay":false,"sceneViewState":{"showFog":true,"showMaterialUpdate":false,"showSkybox":true,"showFlares":true,"showImageEffects":true,"showParticleSystems":true},"in2DMode":false,"pivot":{"x":-15.0,"y":0.25000008940696719,"z":18.283065795898439},"rotation":{"x":0.13872450590133668,"y":-0.06768882274627686,"z":0.009504977613687516,"w":0.9879693388938904},"size":45.24696350097656,"orthographic":false}